batch_id,lab_batch_id,institution_name,batch_notes,num_sample,num_results,analytes
574,NULL,NULL,"CMIBS data, results from Abanda_2006",364,354,"Ba, C, CO2, Ce, Co, Cr, Dy, Er, Eu, Gd, Ho, La, Nd, Ni, P, Pr, S, Sm, Sr, TOC, Tb, Th, Tm, U, V, Y, Yb, Zr"
575,NULL,NULL,"CMIBS data, results from Abre_2011",180,180,"Al, Al2O3, Ba, Ca, CaO, Ce, Cr, Cs, Eu, Fe, Fe2O3, Hf, K, K2O, LOI, La, Lu, Mg, MgO, Mn, MnO, Na, Na2O, Nb, Nd, Ni, P, P2O5, Pb, Rb, Sc, Si, SiO2, Sm, Sr, Tb, Th, Ti, TiO2, U, V, Y, Yb, Zn, Zr"
576,NULL,NULL,"CMIBS data, results from Adams_2009",672,658,"Al, Al2O3, Ba, Ca, CaO, Ce, Cr, Dy, Er, Eu, Fe, Fe2O3, Ga, Gd, Ge, Hf, Ho, K, K2O, LOI, La, Lu, Mg, MgO, Mn, MnO, Na, Na2O, Nb, Nd, P, P2O5, Pr, Rb, Si, SiO2, Sm, Sr, Ta, Tb, Th, Ti, TiO2, Tm, Y, Yb, Zr"
578,NULL,NULL,"CMIBS data, results from AlberdiGenolet_1999",350,279,"Al, Ba, Co, Cu, Fe, Mo, Ni, V, Zn"
580,NULL,NULL,"CMIBS data, results from Armstrong_2001_2",39040,14097,"Ag, Al, Al2O3, As, Au, Ba, Be, C, CTO2, Ca, CaO, Cd, Ce, Co, Cr, Cs, Cu, Dy, Er, Eu, Fe, Fe2O3, Ga, Gd, Hf, Ho, K, K2O, LOI, La, Li, Lu, Mg, MgO, Mn, MnO, Mo, Na, Na2O, Nb, Nd, Ni, P, P2O5, Pb, Pr, Rb, S, Sb, Sc, Si, SiO2, Sm, Sn, Sr, Ta, Tb, Th, Ti, TiO2, Tl, Tm, U, V, W, Y, Yb, Zn, Zr"
581,NULL,NULL,"CMIBS data, results from Armstrong_2002_2",22344,8270,"Ag, Al, Al2O3, As, Au, Ba, Be, C, CTO2, Ca, CaO, Cd, Ce, Co, Cr, Cs, Cu, Dy, Er, Eu, Fe, Fe2O3, Ga, Gd, Hf, Ho, K, K2O, LOI, La, Li, Lu, Mg, MgO, Mn, MnO, Mo, Na, Na2O, Nb, Nd, Ni, P, P2O5, Pb, Pr, Rb, S, Sb, Sc, Si, SiO2, Sm, Sn, Sr, Ta, Tb, Th, Ti, TiO2, Tl, Tm, U, V, W, Y, Yb, Zn, Zr"
582,NULL,NULL,"CMIBS data, results from Arnaboldi_2007",1190,1085,"Al, Ba, Cd, Cr, Cu, Mo, Re, U, V, Zn"
583,NULL,NULL,"CMIBS data, results from Asiedu_2000",318,318,"Al, Al2O3, Ba, Ca, CaO, Ce, Co, Cr, Cs, Cu, Dy, Er, Eu, Fe, Fe2O3, Gd, Hf, Ho, K, K2O, LOI, La, Lu, Mg, MgO, Mn, MnO, Na, Na2O, Nb, Nd, Ni, P, P2O5, Pr, Rb, Sc, Si, SiO2, Sm, Sr, Ta, Tb, Th, Ti, TiO2, Tl, Tm, U, V, Y, Yb, Zr"
584,NULL,NULL,"CMIBS data, results from Asiedu_2004",696,648,"Al, Ca, Ce, Co, Cr, Dy, Eu, Fe, Gd, Hf, K, La, Lu, Mg, Mn, Na, Nd, Sc, Si, Sm, Ta, Tb, Th, Ti, V, Yb, Zr"
585,NULL,NULL,"CMIBS data, results from Baioumy_2011",162,135,"Ir, Os, Pd, Pt, Re"
586,NULL,NULL,"CMIBS data, results from BassonSmith_2007",8692,4213,"Al, Al2O3, Ba, Be, Ca, CaO, Ce, Co, Cs, Dy, Er, Eu, Fe, Fe2O3, Ga, Gd, Hf, Ho, K, K2O, La, Lu, Mg, MgO, Mn, MnO, Na, Na2O, Nb, Nd, Ni, P, P2O5, Pr, Rb, S, Sc, Si, SiO2, Sm, Sn, Sr, Ta, Tb, Th, Ti, TiO2, Tm, U, V, W, Y, Yb, Zr"
587,NULL,NULL,"CMIBS data, results from Bavinton_1980",896,848,"Al, Al2O3, Ba, Ca, CaO, Ce, Co, Cr, Cu, Dy, Er, Eu, Fe, Fe2O3, Ga, Gd, Hf, Ho, K, K2O, LOI, La, Lu, Mg, MgO, Mn, MnO, Na, Na2O, Nb, Nd, Ni, P, P2O5, Pb, Pr, Rb, S, Si, SiO2, Sm, Sr, Tb, Th, Ti, TiO2, Tm, U, V, Y, Yb, Zn, Zr"
588,NULL,NULL,"CMIBS data, results from Berryman_2012",2023,1308,"Al, Cu, Fe, Mn, Mo, Ni, P, S, TOC, U, V"
589,NULL,NULL,"CMIBS data, results from Bhatia_1985",851,851,"Al, Al2O3, C, CTO2, Ca, CaO, Ce, Dy, Er, Eu, Fe, Fe2O3, Gd, H2O_m, H2O_p, Ho, K, K2O, La, Mg, MgO, Mn, MnO, Na, Na2O, Nd, P, P2O5, Pr, S, Si, SiO2, Sm, Tb, Ti, TiO2, Yb"
590,NULL,NULL,"CMIBS data, results from Bolhar_2005",1340,1136,"Al, Al2O3, Ba, Ca, CaO, Ce, Co, Cr, Cs, Cu, Dy, Er, Eu, Fe, Fe2O3, Gd, Hf, Ho, K, K2O, La, Lu, Mg, MgO, Mn, MnO, Na, Na2O, Nb, Nd, Ni, P, P2O5, Pb, Pr, Rb, Sc, Si, SiO2, Sm, Sn, Sr, TIC, TOC, Ta, Tb, Th, Ti, TiO2, Tm, U, V, W, Y, Yb, Zn, Zr"
591,NULL,NULL,"CMIBS data, results from CODES_1995",867,866,"Ag, Al, Al2O3, As, Ba, Bi, C, CTO2, Ca, CaO, Cd, Ce, Cr, Cs, Cu, Fe, Fe2O3, H, K, K2O, La, Mg, MgO, Mn, MnO, Mo, Na, Na2O, Nb, Nd, Ni, P, P2O5, Pb, Rb, S, Sb, Sc, Se, Si, SiO2, Sr, Th, Ti, TiO2, Tl, U, V, Y, Zn, Zr"
592,NULL,NULL,"CMIBS data, results from Cai_2008",4316,4150,"Al, Al2O3, Ba, Ca, CaO, Ce, Co, Cr, Cs, Dy, Er, Eu, Fe, Fe2O3, Gd, Hf, Ho, K, K2O, LOI, La, Lu, Mg, MgO, Mn, MnO, Na, Na2O, Nb, Nd, Ni, P, P2O5, Pr, Rb, Si, SiO2, Sm, Sr, Ta, Tb, Th, Ti, TiO2, Tm, U, V, Y, Yb, Zr"
593,NULL,NULL,"CMIBS data, results from Cameron_1972_1",11,11,"Al, C, Ca, Fe, K, Mg, Mn, Na, S, Si, Ti"
594,NULL,NULL,"CMIBS data, results from Cameron_1972_2",96,93,"Hg, S, TOC, Zn"
595,NULL,NULL,"CMIBS data, results from Cameron_1980",756,728,"Ag, Al, Al2O3, As, B, Ba, Be, C, CO2, Ca, CaO, Cl, Co, Cr, Cu, F, Fe, Fe2O3, Ga, Ge, H2O_t, Hg, K, K2O, LOI, La, Li, Mg, MgO, Mn, MnO, Mo, Na, Na2O, Ni, P, P2O5, Pb, Rb, S, Sb, Sc, Si, SiO2, Sn, Sr, Ti, TiO2, U, V, Y, Zn"
596,NULL,NULL,"CMIBS data, results from Camire_1993_2",3150,2633,"Al, Al2O3, As, Ba, Ca, CaO, Ce, Co, Cr, Cs, Cu, Eu, Fe, Fe2O3, Hf, K, K2O, LOI, La, Lu, Mg, MgO, Mn, MnO, Na, Na2O, Nb, Nd, Ni, P, P2O5, Rb, S, Sb, Sc, Si, SiO2, Sm, Sr, Ta, Tb, Th, Ti, TiO2, U, V, Y, Yb, Zn, Zr"
597,NULL,NULL,"CMIBS data, results from CamposAlvarez_2007",1440,1189,"Al, Al2O3, Ba, Be, Ca, CaO, Ce, Cr, Dy, Er, Eu, Fe, Fe2O3, Ga, Gd, Hf, Ho, K, K2O, LOI, La, Lu, Mg, MgO, Mn, MnO, Na, Na2O, Nb, Nd, Ni, P, P2O5, Pb, Pr, Rb, Sc, Si, SiO2, Sm, Sr, TIC, TOC, Ta, Tb, Th, Ti, TiO2, Tm, U, V, Y, Yb, Zr"
599,NULL,NULL,"CMIBS data, results from Caplan_1997",70060,8293,"Al, Al2O3, Ba, C, Ca, CaO, Co, Cr, Cu, Fe, Fe2O3, K, K2O, Mg, MgO, Mn, MnO, Mo, N, N_ORG, Na, Na2O, Nb, Ni, P, P2O5, Pb, Rb, S, S1, S2, S3, Si, SiO2, Sr, TOC, Ti, TiO2, Tmax, V, Y, Zn, Zr"
600,NULL,NULL,"CMIBS data, results from Chakrabarti_2007",812,392,"Ce, Dy, Er, Eu, Gd, Ho, La, Lu, Nd, Pr, Sm, Tb, Tm, Yb"
601,NULL,NULL,"CMIBS data, results from Chernyshov_2014. Chernyshov, N.M., 2014, unpublished(?)",288,288,"Al, Al2O3, Ca, CaO, Cr, Fe, Fe2O3, K, K2O, LOI, Mg, MgO, Mn, MnO, Na, Na2O, P, P2O5, S, Si, SiO2, TOC, Ti, TiO2"
602,NULL,NULL,"CMIBS data, results from Cingolani_2003",1022,896,"Al, Al2O3, As, Ba, Be, Bi, Ca, CaO, Ce, Co, Cr, Cs, Cu, Dy, Er, Eu, Fe, Fe2O3, Ga, Gd, Ge, Hf, Ho, K, K2O, LOI, La, Lu, Mg, MgO, Mn, MnO, Mo, Na, Na2O, Nb, Nd, Ni, P, P2O5, Pb, Pr, Rb, Sb, Sc, Si, SiO2, Sm, Sn, Sr, Ta, Tb, Th, Ti, TiO2, Tl, Tm, U, V, W, Y, Yb, Zn, Zr"
603,NULL,NULL,"CMIBS data, results from Clarke_1980",88,88,"Al, Al2O3, Ca, CaO, Fe, Fe2O3, K, K2O, Mg, MgO, Mn, MnO, Na, Na2O, P, P2O5, Rb, Si, SiO2, Sr, Ti, TiO2"
604,NULL,NULL,"CMIBS data, results from Coveney_1983",1554,340,"Al, Ca, Cu, Fe, K, LOI, Mg, Mo, Na, Ni, P, Pb, Se, Si, TOM, Ti, U, V, Zn"
605,NULL,NULL,"CMIBS data, results from Coveney_1987",1104,348,"Al, As, Au, B, Ba, Ca, Cd, Ce, Cr, Eu, Fe, Gd, K, LOI, La, Mg, Mn, Mo, Na, Nd, Ni, P, S, Sb, Se, Si, Sm, Sr, TIC, TOC, Tb, Th, Tmax, U, V, Zn"
606,NULL,NULL,"CMIBS data, results from Coveney_1989",12719,704,"Al, Au, Ca, Cd, Cu, Fe, K, LOI, Mg, Mn, Mo, Na, P, Pb, S, Se, Si, Ti, U, V, Zn"
607,NULL,NULL,"CMIBS data, results from Coveney_1992",1075,304,"Au, Ir, Mo, Ni, Os, Pd, Pt, Re, Rh, Ru"
609,NULL,NULL,"CMIBS data, results from Cox_1995",4150,3339,"Al, Al2O3, Ba, Ca, CaO, Ce, Cr, Cu, Eu, Fe, Fe2O3, Hf, K, K2O, LOI, La, Lu, Mg, MgO, Mn, MnO, Na, Na2O, Ni, P, P2O5, Pb, Rb, Sc, Si, SiO2, Sm, Sr, Tb, Th, Ti, TiO2, U, V, Y, Yb, Zn, Zr"
610,NULL,NULL,"CMIBS data, results from Cox_1998",782,592,"Al, Al2O3, Ba, Ca, CaO, Ce, Cr, Eu, Fe, Fe2O3, H2O_m, K, K2O, LOI, La, Mg, MgO, Mn, MnO, Na, Na2O, Nd, P, P2O5, Sc, Si, SiO2, Sm, Sr, Tb, Th, Ti, TiO2, U, V, Yb, Zr"
611,NULL,NULL,"CMIBS data, results from Cruse_2004",975,876,"Al, Fe, Fe-py, Mn, Mo, Ni, Pb, S_PY, TIC, TOC, U, V, Zn"
612,NULL,NULL,"CMIBS data, results from Cubitt_1979",4250,3375,"Ag, Al, Ba, Be, Bi, Ca, Cd, Co, Cr, Cu, Fe, Ga, Ge, K, LOI, Li, Mg, Mn, Mo, Ni, Pb, Si, Sn, Sr, V, Zn, Zr"
613,NULL,NULL,"CMIBS data, results from Cullers_2000",364,351,"Al, Ba, Ca, Ce, Co, Cr, Cs, Eu, Fe, Hf, K, LOI, La, Lu, Mg, Mn, Na, Rb, Sc, Si, Sm, Sr, Ta, Tb, Th, Ti, Yb"
614,NULL,NULL,"CMIBS data, results from Derkey_1985",2840,1722,"Cd, Co, Cr, Cu, Fe, Mn, Mo, Nb, Ni, Pb, Sr, TOC, V, Zn"
615,NULL,NULL,"CMIBS data, results from Desborough_1979",80,80,"Mo, Se, V, Zn"
616,NULL,NULL,"CMIBS data, results from Desborough_1981",20,20,"Mo, Ni, Se, V, Zn"
617,NULL,NULL,"CMIBS data, results from DosAnjos_2010",387,351,"Al, Al2O3, Ca, CaO, Ce, Cr, Dy, Er, Eu, Fe, Fe2O3, Gd, Ho, K, K2O, LOI, La, Lu, Mg, MgO, Mn, MnO, Na, Na2O, Nb, Nd, P, P2O5, Pr, Si, SiO2, Sm, Tb, Ti, TiO2, Tm, Y, Yb, Zr"
618,NULL,NULL,"CMIBS data, results from Doyon_2004",2958,1795,"Ag, Al, Al2O3, As, Ba, Br, Ca, CaO, Ce, Co, Cr, Cs, Dy, Er, Eu, Fe, Fe2O3, Ga, Gd, Hf, Ho, K, K2O, LOI, La, Lu, Mg, MgO, Mn, MnO, Mo, Na, Na2O, Nb, Nd, Ni, P, P2O5, Pr, Rb, Sb, Sc, Se, Si, SiO2, Sm, Sr, Ta, Tb, Th, Ti, TiO2, Tm, U, V, Y, Yb, Zr"
619,NULL,NULL,"CMIBS data, results from Erikkson_1994",306,234,"Al, Al2O3, C, CO2, Ca, CaO, Fe, Fe2O3, H2O_m, H2O_p, K, K2O, Mg, MgO, Mn, MnO, Na, Na2O, P, P2O5, S, Si, SiO2, TOC, Ti, TiO2"
620,NULL,NULL,"CMIBS data, results from Eriksson_1992",896,840,"Al, Al2O3, As, Ba, Be, Bi, Ca, CaO, Ce, Co, Cr, Cs, Cu, Dy, Er, Eu, Fe, Fe2O3, Ga, Gd, Hf, Ho, K, K2O, LOI, La, Li, Mg, MgO, Mn, MnO, Mo, Na, Na2O, Nb, Nd, Ni, P, P2O5, Pb, Pr, Rb, S, Sc, Si, SiO2, Sm, Sn, Sr, Tb, Th, Ti, TiO2, U, V, W, Y, Yb, Zn, Zr"
621,NULL,NULL,"CMIBS data, results from Ewers_1984",1955,397,"Al, Al2O3, B, Ba, Be, C, CTO2, Ca, CaO, Ce, Co, Cu, Dy, Er, Eu, F, Fe, Fe2O3, Ga, Gd, H2O_t, K, K2O, LOI, La, Li, Mg, MgO, Mn, MnO, Na, Na2O, Nb, Nd, Ni, P, P2O5, Pb, Pr, Rb, Si, SiO2, Sm, Sn, Sr, Th, Ti, TiO2, U, V, W, Y, Yb, Zn, Zr"
622,NULL,NULL,"CMIBS data, results from Fatimah_2009",384,374,"Al, Al2O3, C, Ca, CaO, Fe, Fe2O3, K, K2O, LOI, Mg, MgO, Mn, MnO, Na, Na2O, P, P2O5, SO3, Si, SiO2, TOC, Ti, TiO2"
623,NULL,NULL,"CMIBS data, results from Faure_1996",1180,331,"Al, Al2O3, As, Ba, Bi, Br, Ca, CaO, Ce, Co, Cr, Cs, Cu, Dy, Er, Eu, Fe, Fe2O3, Gd, Ge, K, K2O, La, Mg, MgO, Mn, MnO, Mo, Na, Na2O, Nb, Nd, Ni, P, P2O5, Pb, Pr, Rb, S, Sc, Se, Si, SiO2, Sm, Sr, Tb, Th, Ti, TiO2, U, V, W, Y, Yb, Zn, Zr"
624,NULL,NULL,"CMIBS data, results from Fedikow_1998",35948,22704,"Ag, Al, As, Au, Ba, Be, Bi, Br, Ca, Cd, Ce, Co, Cr, Cs, Cu, Eu, Fe, Hf, Hg, Ir, K, La, Lu, Mg, Mn, Mo, Na, Nd, Ni, P, Pb, Rb, Sb, Sc, Se, Sm, Sn, Sr, Ta, Tb, Th, Ti, U, V, W, Y, Yb, Zn"
625,NULL,NULL,"CMIBS data, results from Fedo_1996",920,780,"Al, Al2O3, Ba, Ca, CaO, Ce, Co, Cr, Cu, Dy, Er, Eu, Fe, Fe2O3, Ga, Gd, K, K2O, LOI, Mg, MgO, Mn, MnO, Na, Na2O, Nb, Nd, Ni, P, P2O5, Rb, Sc, Si, SiO2, Sm, Sr, Th, Ti, TiO2, V, Y, Yb, Zn, Zr"
626,NULL,NULL,"CMIBS data, results from Fedo_1997_1",625,525,"Al, Al2O3, Ca, CaO, Fe, Fe2O3, K, K2O, LOI, Mg, MgO, Mn, MnO, Na, Na2O, P, P2O5, Si, SiO2, Ti, TiO2"
627,NULL,NULL,"CMIBS data, results from Fedo_1997_2",1980,1465,"Al, Al2O3, Ba, Ca, CaO, Ce, Co, Cr, Cu, Eu, Fe, Fe2O3, Ga, Gd, Hf, K, K2O, LOI, La, Lu, Mg, MgO, Mn, MnO, Na, Na2O, Nb, Nd, Ni, P, P2O5, Pb, Rb, Sc, Si, SiO2, Sm, Sr, Tb, Th, Ti, TiO2, U, V, Y, Yb, Zn, Zr"
628,NULL,NULL,"CMIBS data, results from Feng_1990",3481,2583,"Al, Al2O3, As, Au, Ba, Ca, CaO, Ce, Co, Cr, Cs, Cu, Eu, Fe, Fe2O3, Hf, K, K2O, LOI, La, Lu, Mg, MgO, Mn, MnO, Na, Na2O, Nb, Nd, Ni, P, P2O5, Pb, Rb, Sb, Sc, Si, SiO2, Sm, Sr, Ta, Tb, Th, Ti, TiO2, U, V, Y, Yb, Zn, Zr"
629,NULL,NULL,"CMIBS data, results from Ferri_2005",6164,2618,"Ag, Al, As, Au, B, Ba, Be, Bi, Ca, Cd, Ce, Co, Cr, Cu, Fe, Ga, Hf, Hg, K, La, Li, Mg, Mn, Mo, Na, Nb, Ni, P, Pb, Rb, S, Sb, Sc, Se, Sn, Sr, TOC, Ta, Th, Ti, Tl, U, V, W, Y, Zn, Zr"
630,NULL,NULL,"CMIBS data, results from Fralick_1997",1200,824,"Al, Al2O3, Ba, C, CTO2, Ca, CaO, Co, Cr, Cu, Fe, Fe2O3, K, K2O, LOI, Mg, MgO, Mn, MnO, Mo, Na, Na2O, Nb, Ni, P, P2O5, Pb, Rb, S, Se, Si, SiO2, Sr, Ti, TiO2, V, Y, Zn, Zr"
631,NULL,NULL,"CMIBS data, results from Fritz_1992",297,270,"Al, Al2O3, Ba, Ca, CaO, Cr, Fe, Fe2O3, K, K2O, LOI, Mg, MgO, Mn, MnO, Na, Na2O, Nb, Ni, P, P2O5, Rb, Si, SiO2, Sr, Ti, TiO2, V, Y, Zr"
633,NULL,NULL,"CMIBS data, results from Frost_1985",122304,25560,"Ag, Al, Al2O3, As, B, Ba, Be, Br, C, CO2, Ca, CaO, Ce, Cl, Co, Cr, Cs, Cu, Dy, Eu, F, Fe, FeO, Ga, Ge, H, H2O_m, H2O_p, Hf, K, K2O, La, Lu, Mg, MgO, Mn, MnO, Mo, Na, Na2O, Ni, P, P2O5, Pb, Rb, S, SO4, S_PY, Sb, Sc, Se, Si, SiO2, Sm, Sn, Sr, TOC, Ta, Tb, Th, Ti, TiO2, U, V, W, Yb, Zn, Zr"
634,NULL,NULL,"CMIBS data, results from Fyffe_1993",1710,1429,"Al, Al2O3, As, Ba, Ca, CaO, Ce, Co, Cr, Cu, Eu, Fe, Fe2O3, Ga, Hf, K, K2O, LOI, La, Lu, Mg, MgO, Mn, MnO, Mo, Na, Na2O, Nb, Nd, Ni, P, P2O5, Pb, Rb, Sb, Sc, Si, SiO2, Sm, Sr, Ta, Tb, Th, Ti, TiO2, U, V, Y, Yb, Zn, Zr"
635,NULL,NULL,"CMIBS data, results from Gavshin_1996",3213,507,"Ag, Al, Al2O3, As, Au, Ba, Be, Ca, CaO, Cd, Ce, Co, Cr, Cs, Cu, Eu, Fe, Fe2O3, Hf, Hg, Insol, K, K2O, La, Li, Mg, MgO, Mn, MnO, Mo, Na, Na2O, Nb, Ni, P, P2O5, Pb, Rb, S, S1, S2, S3, Sb, Sc, Si, SiO2, Sm, Sr, TOC, Ta, Tb, Th, Ti, TiO2, Tmax, U, V, Y, Yb, Zn, Zr"
636,NULL,NULL,"CMIBS data, results from Gibbs_1986",588,565,"Al, Ba, Ca, Ce, Co, Cr, Eu, Fe, Hf, K, LOI, La, Lu, Mg, Mn, Na, Nd, Ni, Sc, Si, Sm, Ta, Tb, Th, Ti, U, Yb"
637,NULL,NULL,"CMIBS data, results from Gill_1994",1344,1279,"Al, Al2O3, Ba, Ca, CaO, Ce, Cr, Cs, Cu, Dy, Er, Eu, Fe, Fe2O3, Ga, Gd, Hf, Ho, K, K2O, La, Li, Lu, Mg, MgO, Mn, MnO, Na, Na2O, Nb, Nd, Ni, P, P2O5, Pb, Pr, Rb, Sc, Si, SiO2, Sm, Sr, Ta, Tb, Th, Ti, TiO2, Tm, U, V, Y, Yb, Zn, Zr"
638,NULL,NULL,"CMIBS data, results from Glasmacher_2003",1848,1565,"Al, Al2O3, As, Ba, C, Ca, CaO, Co, Cu, Fe, Fe2O3, Ga, K, K2O, LOI, Mg, MgO, Mn, MnO, Mo, N, Na, Na2O, Nb, P, P2O5, Pb, Rb, S, Sb, Si, SiO2, Sr, Ti, TiO2, V, Y, Zn, Zr"
639,NULL,NULL,"CMIBS data, results from Glikson_1985",767,208,"Cr, Cu, Mo, N_ORG, Ni, TOC, TOM, Ti, V, Zn"
640,NULL,NULL,"CMIBS data, results from Goodfellow_2003_3",16906,13694,"Ag, Al, Al2O3, As, Au, Ba, Be, Bi, C, CO2, CTO2, Ca, CaO, Cd, Ce, Co, Cr, Cs, Cu, Dy, Er, Eu, Fe, Fe2O3, FeO, Ga, Gd, Ge, H2O_t, Hf, Hg, Ho, In, K, K2O, La, Lu, Mg, MgO, Mn, MnO, Mo, Na, Na2O, Nb, Nd, Ni, P, P2O5, Pb, Pr, Rb, S, Sb, Sc, Se, Si, SiO2, Sm, Sn, Sr, TOC, Ta, Tb, Te, Th, Ti, TiO2, Tl, Tm, U, V, Y, Yb, Zn, Zr"
641,NULL,NULL,"CMIBS data, results from Goodfellow_2000",22008,16639,"Ag, Al, Al2O3, As, Ba, Be, Bi, C, CO2, CTO2, Ca, CaO, Cd, Ce, Co, Cr, Cs, Cu, Dy, Er, Eu, Fe, Fe2O3, Ga, Gd, H2O_t, Hf, Ho, In, K, K2O, LOI, La, Lu, Mg, MgO, Mn, MnO, Mo, Na, Na2O, Nb, Nd, Ni, P, P2O5, Pb, Pr, Rb, S, Sb, Sc, Se, Si, SiO2, Sm, Sn, Sr, Ta, Tb, Th, Ti, TiO2, Tl, Tm, U, V, Y, Yb, Zn, Zr"
642,NULL,NULL,"CMIBS data, results from Graves_1988",25198,12443,"Al, Al2O3, As, Au, Ba, Br, C, CTO2, Ca, CaO, Cd, Ce, Co, Cr, Cs, Cu, Eu, Fe, Fe2O3, FeO, Ga, Hf, K, K2O, La, Lu, Mg, MgO, Mn, MnO, Mo, Na, Na2O, Nb, Ni, P, P2O5, Pb, Rb, S, Sb, Sc, Si, SiO2, Sm, Sr, Ta, Tb, Th, Ti, TiO2, U, V, W, Y, Yb, Zn, Zr"
643,NULL,NULL,"CMIBS data, results from Gromet_1984",2160,405,"Al, Al2O3, As, Ba, Br, Ca, CaO, Ce, Co, Cr, Cs, Dy, Er, Eu, Fe, Fe2O3, Gd, Hf, Ho, K, K2O, La, Lu, Mg, MgO, Mn, MnO, Na, Na2O, Nd, Ni, P, P2O5, Pr, Rb, Sb, Sc, Si, SiO2, Sm, Sr, Ta, Tb, Th, Ti, TiO2, Tm, U, W, Yb, Zr"
644,NULL,NULL,"CMIBS data, results from Gu_2002",434,434,"Ce, Dy, Er, Eu, Gd, Ho, La, Lu, Nd, Pr, Sm, Tb, Tm, Yb"
645,NULL,NULL,"CMIBS data, results from Hassan_1999",2820,2151,"Al, Al2O3, Ba, Ca, CaO, Ce, Co, Cr, Cs, Cu, Eu, Fe, Fe2O3, Gd, Hf, K, K2O, LOI, La, Lu, Mg, MgO, Mn, MnO, Na, Na2O, Nb, Ni, P, P2O5, Rb, Sc, Si, SiO2, Sm, Sr, Ta, Tb, Th, Ti, TiO2, U, V, Y, Yb, Zn, Zr"
646,NULL,NULL,"CMIBS data, results from Haus_1993",198030,26211,"Ag, Al, Al2O3, As, Au, B, Ba, Be, Bi, C, CTO2, Ca, CaO, Ce, Co, Cr, Cs, Cu, Dy, Er, Eu, F, Fe, Fe2O3, Ga, Gd, H2O_m, H2O_p, Hg, Ho, K, K2O, LOI, La, Li, Lu, Mg, MgO, Mn, MnO, Mo, Na, Na2O, Nb, Nd, Ni, P, P2O5, Pb, Pd, Pr, Pt, Rb, S, Sb, Sc, Si, SiO2, Sm, Sn, Sr, Ta, Tb, Th, Ti, TiO2, Tl, Tm, U, V, W, Y, Yb, Zn, Zr"
647,NULL,NULL,"CMIBS data, results from Hayashi_1997",3016,2388,"Al, Al2O3, Ba, C, Ca, CaO, Ce, Co, Cr, Cu, Fe, Fe2O3, FeO, Ga, K, K2O, LOI, Mg, MgO, Mn, MnO, Mo, Na, Na2O, Nb, Ni, P, P2O5, Pb, Rb, S, Si, SiO2, Sr, Th, Ti, TiO2, U, V, Y, Zn, Zr"
648,NULL,NULL,"CMIBS data, results from Hemming_1995",528,488,"Al, Al2O3, Ba, Ca, CaO, Ce, Cr, Cu, Dy, Er, Eu, Fe, Fe2O3, Gd, K, K2O, La, Mg, MgO, Mn, MnO, Na, Na2O, Nd, Ni, P, P2O5, Rb, Sc, Si, SiO2, Sm, Sr, Th, Ti, TiO2, V, Y, Yb, Zn, Zr"
649,NULL,NULL,"CMIBS data, results from Hennessy_1996",1485,513,"Al, Al2O3, Ba, C-graph, CO2, Ca, CaO, Ce, Co, Cr, Cu, Eu, Fe, Fe2O3, Ga, Hf, K, K2O, LOI, La, Lu, Mg, MgO, Mn, MnO, Na, Na2O, Nb, Nd, Ni, P, P2O5, Pb, Rb, S, SO4, Sc, Si, SiO2, Sm, Sr, TOC, Ta, Tb, Th, Ti, TiO2, U, V, Y, Yb, Zn, Zr"
650,NULL,NULL,"CMIBS data, results from Hetzel_2009",360,334,"Al, Al2O3, As, Ba, Ca, CaO, Cd, Cr, Cu, Fe, Fe2O3, K, K2O, Mg, MgO, Mn, MnO, Mo, Na, Na2O, Ni, P, P2O5, Rb, S, S_PY, Si, SiO2, Sr, TIC, TOC, Ti, TiO2, U, V, Y, Zn, Zr"
651,NULL,NULL,"CMIBS data, results from Hofmann_2003",765,649,"Al, Al2O3, Ba, Ca, CaO, Ce, Co, Cr, Cu, Dy, Er, Eu, Fe, Fe2O3, Ga, Gd, Ho, K, K2O, LOI, La, Lu, Mg, MgO, Mn, MnO, Na, Na2O, Nb, Nd, Ni, P, P2O5, Pb, Pr, Rb, Sc, Si, SiO2, Sm, Sr, Tb, Th, Ti, TiO2, Tm, V, Y, Yb, Zn, Zr"
652,NULL,NULL,"CMIBS data, results from Hofmann_2005",1104,843,"Al, Al2O3, Ba, Ca, CaO, Ce, Co, Cr, Cs, Cu, Dy, Er, Eu, Fe, Fe2O3, Gd, Hf, Ho, K, K2O, LOI, La, Lu, Mg, MgO, Mn, MnO, Na, Na2O, Nb, Nd, Ni, P, P2O5, Pb, Pr, Rb, Sc, Si, SiO2, Sm, Sr, Ta, Tb, Th, Ti, TiO2, Tm, U, V, Y, Yb, Zn, Zr"
653,NULL,NULL,"CMIBS data, results from Kalsbeek_2010",1003,935,"Al, Al2O3, Ba, Ca, CaO, Ce, Co, Cr, Cs, Cu, Dy, Er, Eu, Fe, Fe2O3, Ga, Gd, Hf, Ho, K, K2O, LOI, La, Lu, Mg, MgO, Mn, MnO, Na, Na2O, Nb, Nd, Ni, P, P2O5, Pb, Pr, Rb, Sc, Si, SiO2, Sm, Sr, Ta, Tb, Th, Ti, TiO2, Tm, U, V, Y, Yb, Zn, Zr"
654,NULL,NULL,"CMIBS data, results from Kamber_2005",60,60,"Al, Al2O3, Ba, Be, Ca, CaO, Ce, Co, Cr, Cs, Cu, Dy, Er, Eu, Fe, Fe2O3, Ga, Gd, Hf, Ho, K, K2O, LOI, La, Li, Lu, Mg, MgO, Mn, MnO, Na, Na2O, Nb, Nd, Ni, P, P2O5, Pb, Pr, Rb, Sc, Si, SiO2, Sm, Sn, Sr, Ta, Tb, Th, Ti, TiO2, Tl, Tm, U, V, W, Y, Yb, Zn, Zr"
655,NULL,NULL,"CMIBS data, results from Kasanzu_2008",4940,3884,"Al, Al2O3, Ba, Bi, Ca, CaO, Ce, Co, Cr, Cs, Cu, Dy, Er, Eu, Fe, Fe2O3, Ga, Gd, Ge, Hf, Ho, K, K2O, LOI, La, Lu, Mg, MgO, Mn, MnO, Mo, Na, Na2O, Nb, Nd, Ni, P, P2O5, Pb, Pr, Rb, Sb, Sc, Si, SiO2, Sm, Sn, Sr, Ta, Tb, Th, Ti, TiO2, Tl, Tm, U, V, W, Y, Yb, Zn, Zr"
656,NULL,NULL,"CMIBS data, results from Ke_2008",1880,1119,"Al, Al2O3, Ba, Ca, CaO, Ce, Cs, Dy, Er, Eu, Fe, Fe2O3, Gd, Hf, Ho, K, K2O, LOI, La, Lu, Mg, MgO, Mn, MnO, Na, Na2O, Nb, Nd, P, P2O5, Pb, Pr, Rb, Si, SiO2, Sm, Sr, Ta, Tb, Th, Ti, TiO2, Tm, U, Y, Yb, Zr"
657,NULL,NULL,"CMIBS data, results from Kimura_2004",2166,2014,"Al, Al2O3, Ba, Ca, CaO, Ce, Co, Cr, Cu, Dy, Er, Eu, Fe, Fe2O3, Gd, Hf, Ho, K, K2O, LOI, La, Lu, Mg, MgO, Mn, MnO, Mo, Na, Na2O, Nb, Nd, Ni, P, P2O5, Pr, Rb, Sc, Si, SiO2, Sm, Sr, Ta, Tb, Th, Ti, TiO2, Tm, U, V, Y, Yb, Zn, Zr"
658,NULL,NULL,"CMIBS data, results from Komuro_2003",4214,3724,"Al, Al2O3, As, Ba, Ca, CaO, Co, Cr, Cu, Fe, Fe2O3, K, K2O, Mg, MgO, Mn, MnO, Mo, Na, Na2O, Nb, Ni, P, P2O5, Pb, Rb, Si, SiO2, Sr, Th, Ti, TiO2, U, V, W, Y, Zn, Zr"
659,NULL,NULL,"CMIBS data, results from Lacassie_2006",276,276,"Al, Al2O3, Ba, Ca, CaO, Ce, Co, Cr, Cu, Dy, Er, Eu, Fe, Fe2O3, Gd, Hf, Ho, K, K2O, LOI, La, Lu, Mg, MgO, Mn, MnO, Na, Na2O, Nb, Nd, Ni, P, P2O5, Sc, Si, SiO2, Sm, Sr, Th, Ti, TiO2, V, Y, Yb, Zn, Zr"
660,NULL,NULL,"CMIBS data, results from Large_2014. Large, R., 2014, unpublished data",408,384,"Ag, Al, Al2O3, As, Ba, Bi, C, CTO2, Ca, CaO, Cd, Ce, Cr, Cs, Cu, Fe, Fe2O3, K, K2O, LOI, La, Mg, MgO, Mn, MnO, Mo, Na, Na2O, Nb, Nd, Ni, P, P2O5, Pb, Rb, S, Sb, Sc, Si, SiO2, Sr, TOC, Th, Ti, TiO2, Tl, U, V, Y, Zn, Zr"
661,NULL,NULL,"CMIBS data, results from Lee_2002",2772,2508,"Al, Al2O3, Ba, Be, Bi, Ca, CaO, Ce, Co, Cr, Cs, Cu, Dy, Er, Eu, Fe, Fe2O3, Ga, Gd, Hf, Ho, K, K2O, LOI, La, Li, Lu, Mg, MgO, Mn, MnO, Na, Na2O, Nb, Nd, Ni, P, P2O5, Pb, Pr, Rb, Sc, Si, SiO2, Sm, Sr, Tb, Th, Ti, TiO2, Tm, U, V, Y, Yb, Zn, Zr"
662,NULL,NULL,"CMIBS data, results from Legault_1994",918,518,"Al, Al2O3, Ba, Ca, CaO, Ce, Cr, Cs, Cu, Dy, Eu, Fe, Fe2O3, Hf, Ho, K, K2O, LOI, La, Lu, Mg, MgO, Mn, MnO, Na, Na2O, Nb, Nd, Ni, P, P2O5, Pb, Rb, S, Sc, Si, SiO2, Sm, Sr, Ta, Tb, Th, Ti, TiO2, U, V, Y, Yb, Zn, Zr"
663,NULL,NULL,"CMIBS data, results from Lev_2004",192,192,"Ce, Dy, Er, Eu, Gd, La, Nd, Pb, Sm, TOC, U, Yb"
664,NULL,NULL,"CMIBS data, results from Leventhal_1980",312,245,"Al, As, Ca, Co, Cr, Cu, Fe, Hg, K, Mn, Mo, Ni, Pb, S, Si, TOC, Th, Ti, U, V, Zn"
665,NULL,NULL,"CMIBS data, results from Leventhal_1991",880,515,"Al, Ba, C, Co, Cr, Cu, Fe, K, Mn, Mo, Ni, Pb, S, Si, TOC, Tmax, U, V, Zn"
666,NULL,NULL,"CMIBS data, results from Levitan_2010",960,775,"Ag, Al, As, Au, Ba, CO2, Ca, Ce, Co, Cr, Cu, Dy, Er, Eu, Fe, Gd, H, Ho, La, Li, Lu, Mg, Mn, Mo, N, Na, Nd, Ni, P, Pb, Pd, Pr, Pt, S, Sc, Se, Sm, Sr, TOC, Tb, Ti, Tm, V, W, Y, Yb, Zn"
667,NULL,NULL,"CMIBS data, results from Lewis_2010",124608,31311,"Ag, Al, Al2O3, As, Ba, Ca, CaCO3, CaO, Cd, Co, Cr, Cu, Fe, Fe2O3, Ga, K, K2O, LOI, Mg, MgO, Mn, MnO, Mo, Na, Na2O, Nb, Ni, P, P2O5, Pb, Rb, S, SO3, Sc, Si, SiO2, Sr, TOC, Ti, TiO2, V, Y, Zn, Zr"
668,NULL,NULL,"CMIBS data, results from Li_2005",1100,1100,"Al, Al2O3, Ba, Ca, CaO, Ce, Co, Cr, Dy, Er, Eu, Fe, Fe2O3, FeO, Gd, Hf, Ho, K, K2O, LOI, La, Lu, Mg, MgO, Mn, MnO, Na, Na2O, Nb, Nd, Ni, P, P2O5, Pr, Rb, Sc, Si, SiO2, Sm, Sr, Ta, Tb, Th, Ti, TiO2, Tm, U, V, Yb, Zr"
669,NULL,NULL,"CMIBS data, results from Lipinski_2003",4773,4515,"Ag, Al, Al2O3, As, Ba, C, Ca, CaO, Cd, Co, Cr, Cu, Fe, Fe2O3, K, K2O, Mg, MgO, Mn, MnO, Mo, Na, Na2O, Ni, P, P2O5, Pb, Rb, Re, S, Si, SiO2, Sr, TIC, TOC, Ti, TiO2, U, V, Y, Zn, Zr"
670,NULL,NULL,"CMIBS data, results from Manassero_2009",1014,869,"Ag, Al, Al2O3, As, Au, Ba, Be, Bi, Ca, CaO, Cd, Ce, Co, Cr, Cs, Cu, Dy, Er, Eu, Fe, Fe2O3, Ga, Gd, Hf, Hg, Ho, K, K2O, LOI, La, Lu, Mg, MgO, Mn, MnO, Mo, Na, Na2O, Nb, Nd, Ni, P, P2O5, Pb, Pr, Rb, Sb, Sc, Se, Si, SiO2, Sm, Sn, Sr, Ta, Tb, Th, Ti, TiO2, Tl, Tm, U, V, W, Y, Yb, Zn, Zr"
671,NULL,NULL,"CMIBS data, results from Manheim_1974",476,361,"Al, B, Ba, Ca, Cd, Co, Cr, Cu, Fe, K, Mg, Mn, Mo, Ni, Pb, Si, Sn, Sr, Ti, V, Zn, Zr"
672,NULL,NULL,"CMIBS data, results from Manikyamba_2006",1501,1247,"Ag, Al, Al2O3, As, Ba, Be, Ca, CaO, Cd, Ce, Co, Cr, Cs, Cu, Dy, Er, Eu, Fe, Fe2O3, Ga, Gd, Hf, Ho, K, K2O, LOI, La, Li, Lu, Mg, MgO, Mn, MnO, Mo, Na, Na2O, Nb, Nd, Ni, P, P2O5, Pb, Pr, Rb, Re, Sb, Sc, Si, SiO2, Sm, Sn, Sr, Ta, Tb, Th, Ti, TiO2, Tl, Tm, U, V, W, Y, Yb, Zn, Zr"
673,NULL,NULL,"CMIBS data, results from Manikyamba_2008",897,858,"Ag, Al, Al2O3, As, Ba, C, CO2, Ca, CaO, Cd, Ce, Co, Cr, Cs, Cu, Dy, Er, Eu, Fe, Fe2O3, Ga, Gd, Hf, Ho, K, K2O, LOI, La, Li, Lu, Mg, MgO, Mn, MnO, Mo, Na, Na2O, Nb, Nd, Ni, P, P2O5, Pb, Pr, Rb, Re, Sb, Sc, Si, SiO2, Sm, Sr, Ta, Tb, Th, Ti, TiO2, Tl, Tm, U, V, W, Y, Yb, Zn, Zr"
674,NULL,NULL,"CMIBS data, results from Maslov_2006",140,140,"Ce, Dy, Er, Eu, Gd, Ho, La, Lu, Nd, Pr, Sm, Tb, Tm, Yb"
675,NULL,NULL,"CMIBS data, results from Maslov_2010",462,462,"Ag, Al, Al2O3, Ba, Be, Bi, Ca, CaO, Cd, Ce, Co, Cr, Cs, Cu, Dy, Er, Eu, Fe, Fe2O3, Ga, Gd, Ge, Hf, Ho, K, K2O, LOI, La, Li, Lu, Mg, MgO, Mn, MnO, Mo, Na, Na2O, Nb, Nd, Ni, P, P2O5, Pb, Pr, Rb, Sb, Sc, Si, SiO2, Sm, Sn, Sr, Ta, Tb, Th, Ti, TiO2, Tl, Tm, U, V, W, Y, Yb, Zn, Zr"
676,NULL,NULL,"CMIBS data, results from McLennan_1983",552,526,"Al, B, Ba, Bi, Ca, Ce, Co, Cr, Cs, Cu, Dy, Er, Eu, Fe, Ga, Gd, Hf, Ho, K, LOI, La, Mg, Mn, Mo, Na, Nb, Nd, Ni, Pb, Pr, Sc, Si, Sm, Sn, Sr, Tb, Th, Ti, U, V, W, Y, Yb, Zr"
677,NULL,NULL,"CMIBS data, results from McLennan_1984",836,771,"Al, B, Ba, Bi, Ca, Ce, Co, Cr, Cs, Cu, Dy, Er, Eu, Fe, Ga, Gd, Hf, Ho, K, LOI, La, Mg, Mn, Mo, Na, Nb, Nd, Ni, Pb, Pr, Sc, Se, Si, Sm, Sn, Tb, Th, Ti, U, V, W, Y, Yb, Zr"
678,NULL,NULL,"CMIBS data, results from McLennan_1990",1568,1174,"Al, Ba, Bi, Ca, Ce, Co, Cr, Cs, Cu, Dy, Er, Eu, Fe, Gd, Hf, Ho, K, LOI, La, Mg, Mn, Mo, Na, Nb, Nd, Ni, Pb, Pr, Sc, Si, Sm, Sn, Sr, Tb, Th, Ti, Tl, U, V, W, Y, Yb, Zr"
679,NULL,NULL,"CMIBS data, results from McPherson_1980",72,72,"Al, Al2O3, C, CO2, Ca, CaO, Fe, Fe2O3, H2O_m, H2O_p, K, K2O, Mg, MgO, Mn, MnO, Na, Na2O, P, P2O5, Si, SiO2, Ti, TiO2"
680,NULL,NULL,"CMIBS data, results from Medrano_1995",8611,5717,"Ag, Al, Al2O3, As, Ba, Be, Ca, CaO, Cd, Ce, Co, Cr, Cu, Dy, Er, Eu, Fe, Fe2O3, Ga, Gd, Ho, K, K2O, LOI, La, Li, Mg, MgO, Mn, MnO, Mo, Na, Na2O, Nd, Ni, P, P2O5, Pb, Pr, S, Sc, Si, SiO2, Sm, Sr, TOC, Tb, Th, Ti, TiO2, Tm, V, Y, Yb, Zn"
681,NULL,NULL,"CMIBS data, results from Meyer_1996",58,58,"Al, Al2O3, As, Au, Ba, C, CO2, Ca, CaO, Ce, Co, Cr, Cs, Cu, Eu, Fe, Fe2O3, Gd, Hf, K, K2O, LOI, La, Lu, Mg, MgO, Mn, MnO, Mo, Na, Na2O, Nb, Nd, Ni, P, P2O5, Pb, Rb, S, Sb, Sc, Se, Si, SiO2, Sm, Sr, TOC, Ta, Tb, Th, Ti, TiO2, U, V, Y, Yb, Zn, Zr"
682,NULL,NULL,"CMIBS data, results from Mishra_2010",456,300,"Al, Al2O3, Ba, Ca, CaO, Ce, Cr, Dy, Er, Eu, Fe, Fe2O3, Gd, Hf, Ho, K, K2O, LOI, La, Lu, Mg, MgO, Mn, MnO, Na, Na2O, Nb, Nd, Ni, P, P2O5, Pr, Rb, Sc, Si, SiO2, Sm, Sr, Tb, Th, Ti, TiO2, Tm, U, Y, Yb, Zr"
683,NULL,NULL,"CMIBS data, results from Moisan_1992",2548,2459,"Al, Al2O3, As, Ba, C, CTO2, Ca, CaO, Ce, Cr, Cs, Eu, Fe, Fe2O3, Hf, K, K2O, La, Lu, Mg, MgO, Mn, MnO, Na, Na2O, Nb, Nd, Ni, P, P2O5, Rb, S, Sb, Sc, Se, Si, SiO2, Sm, Sr, Tb, Th, Ti, TiO2, U, Y, Yb, Zn, Zr"
684,NULL,NULL,"CMIBS data, results from Mossman_2005",3978,3472,"Al, Al2O3, Ca, CaO, Co, Cr, Cu, Fe, Fe2O3, K, K2O, Mg, MgO, Mn, MnO, Na2O, Ni, P, P2O5, Pb, Si, SiO2, TiO2, Zn"
685,NULL,NULL,"CMIBS data, results from Nagarajan_2007_1",520,436,"Al, Ba, Ca, Ce, Co, Cr, Cu, Dy, Er, Eu, Fe, Gd, Hf, Ho, K, LOI, La, Lu, Mg, Na, Nb, Nd, Ni, P, Pb, Pr, Rb, Sc, Si, Sm, Sr, Tb, Th, Ti, Tm, U, V, Yb, Zn, Zr"
686,NULL,NULL,"CMIBS data, results from Nagarajan_2007_2",432,368,"Al, Al2O3, Ba, Ca, CaO, Ce, Co, Cr, Cu, Dy, Er, Eu, Fe, Fe2O3, Ga, Gd, Hf, Ho, K, K2O, LOI, La, Lu, Mg, MgO, Mn, MnO, Na, Na2O, Nb, Nd, Ni, P, P2O5, Pb, Pr, Rb, Sc, Si, SiO2, Sm, Sr, Tb, Th, Ti, TiO2, Tm, U, V, Y, Yb, Zn, Zr"
687,NULL,NULL,"CMIBS data, results from OBrien_1988",140,139,"Al, Al2O3, Au, Ba, Ca, CaO, Cr, Cu, Fe, Fe2O3, Ga, K, K2O, LOI, Mg, MgO, Mn, MnO, Na, Na2O, Nb, Ni, P, P2O5, Pb, Rb, Si, SiO2, Sr, Th, Ti, TiO2, V, Y, Zn"
688,NULL,NULL,"CMIBS data, results from Paikaray_2008",3344,2989,"Al, Al2O3, Ba, Ca, CaO, Ce, Cu, Eu, Fe, Fe2O3, Gd, K, K2O, LOI, La, Mg, MgO, Mn, MnO, Na, Na2O, Nd, Ni, P, P2O5, Si, SiO2, Sm, Sr, Ti, TiO2, V, Zn, Zr"
689,NULL,NULL,"CMIBS data, results from Pasava_1996",736,330,"Al, Al2O3, As, Au, CO2, Ca, CaO, Co, Cr, Cu, F, Fe, Fe2O3, FeO, H2O_p, H2O_t, Ir, K, K2O, Mg, MgO, Mn, MnO, Mo, Na, Na2O, Ni, P, P2O5, Pb, Pd, Pt, Rh, Ru, S, Si, SiO2, TOC, Ti, TiO2, V, Zn"
690,NULL,NULL,"CMIBS data, results from Pasava_2003",315,267,"Au, Cu, Ir, Ni, Pd, Pt, Rh, Ru"
691,NULL,NULL,"CMIBS data, results from Pasava_2010",72,72,"Co, Cr, Cu, Mo, Ni, Pb, S, TOC, Th, U, V, Zn"
692,NULL,NULL,"CMIBS data, results from Patocka_2004",264,258,"Al, Al2O3, Ba, C, CO2, Ca, CaO, Ce, Cr, Eu, Fe, Fe2O3, Gd, H2O_t, Hf, K, K2O, La, Lu, Mg, MgO, Mn, MnO, Na, Na2O, Nd, Ni, P, P2O5, Rb, Sc, Si, SiO2, Sm, Sr, Ta, Tb, Th, Ti, TiO2, Y, Yb, Zr"
693,NULL,NULL,"CMIBS data, results from Patterson_1986",363,218,"Ag, Al, Al2O3, As, Au, B, Ba, Be, Bi, Br, C, CO2, Ca, CaO, Cd, Ce, Cl, Co, Cr, Cs, Cu, Dy, Er, Eu, F, Fe, Fe2O3, Ga, Gd, Hf, Ho, I, K, K2O, La, Lu, Mg, MgO, Mn, MnO, Mo, Na, Na2O, Nb, Nd, Ni, P, P2O5, Pb, Pr, Rb, SO3, Sb, Sc, Se, Si, SiO2, Sm, Sn, Sr, TOC, Tb, Th, Ti, TiO2, Tl, Tm, U, V, Y, Yb, Zn, Zr"
694,NULL,NULL,"CMIBS data, results from Perkins_2008",3465,2703,"Al, Al2O3, As, Ba, Be, Bi, C, Ca, CaO, Cd, Ce, Co, Cr, Cs, Cu, Dy, Er, Eu, F, Fe, Fe2O3, Ga, Gd, Ho, K, K2O, La, Li, Lu, Mg, MgO, Mn, MnO, Mo, Na, Na2O, Nb, Nd, Ni, P, P2O5, Pb, Pr, Rb, S, Sb, Sc, Se, Si, SiO2, Sm, Sn, Sr, TIC, TOC, Tb, Th, Ti, TiO2, Tl, Tm, U, V, Y, Yb, Zn, Zr"
695,NULL,NULL,"CMIBS data, results from Piper_1999",1330,743,"Ag, Al, As, B, Ba, C, CO2, Ca, Cd, Ce, Co, Cr, Cu, Dy, Er, Eu, F, Fe, Gd, H2O_m, H2O_p, Hf, Ho, K, LOI, La, Li, Lu, Mg, Mn, Mo, Na, Nd, Ni, P, Pb, Pr, S, Sb, Sc, Se, Si, Sm, Sr, Tb, Th, Ti, Tm, U, V, Y, Yb, Zn"
696,NULL,NULL,"CMIBS data, results from Podkovyrov_2002",896,835,"Al, Al2O3, Ba, Ca, CaO, Ce, Co, Cr, Cs, Cu, Dy, Er, Eu, Fe, Fe2O3, Ga, Gd, Hf, Ho, K, K2O, LOI, La, Li, Lu, Mg, MgO, Mn, MnO, Na, Na2O, Nb, Nd, Ni, P, P2O5, Pb, Pr, Rb, Sc, Si, SiO2, Sm, Sr, Ta, Tb, Th, Ti, TiO2, Tm, U, V, Y, Yb, Zn, Zr"
697,NULL,NULL,"CMIBS data, results from Polat_1998",357,357,"Al, Al2O3, Ba, Ca, CaO, Ce, Co, Cr, Cs, Dy, Er, Eu, Fe, Fe2O3, Gd, Hf, Ho, K, K2O, LOI, La, Lu, Mg, MgO, Mn, MnO, Na, Na2O, Nb, Nd, Ni, P, P2O5, Pr, Rb, Sc, Si, SiO2, Sm, Sr, Ta, Tb, Th, Ti, TiO2, Tm, U, V, Y, Yb, Zr"
698,NULL,NULL,"CMIBS data, results from Polat_2000",765,765,"Al, Al2O3, Ba, Ca, CaO, Ce, Co, Cr, Cs, Dy, Er, Eu, Fe, Fe2O3, Gd, Hf, Ho, K, K2O, LOI, La, Lu, Mg, MgO, Mn, MnO, Na, Na2O, Nb, Nd, Ni, P, P2O5, Pr, Rb, Sc, Si, SiO2, Sm, Sr, Ta, Tb, Th, Ti, TiO2, Tm, U, V, Y, Yb, Zr"
699,NULL,NULL,"CMIBS data, results from Poole_1984",45216,1709,"Ag, As, Co, Cr, Cu, Mn, Mo, Ni, Pb, S, Se, TIC, TOC, Tmax, V, Zn"
700,NULL,NULL,"CMIBS data, results from Prior_2006",8245,6294,"Ag, Al, Al2O3, As, Au, B, Ba, Be, Bi, C, Ca, CaO, Cd, Ce, Co, Cr, Cs, Cu, Dy, Er, Eu, Fe, Fe2O3, Ga, Gd, Hf, Hg, Ho, K, K2O, LOI, La, Li, Lu, Mg, MgO, Mn, MnO, Mo, Na, Na2O, Nb, Nd, Ni, P, P2O5, Pb, Pr, Rb, S, SO4, Sb, Sc, Se, Si, SiO2, Sm, Sn, Sr, TOC, Ta, Tb, Te, Th, Ti, TiO2, Tl, Tm, U, V, W, Y, Yb, Zn, Zr"
701,NULL,NULL,"CMIBS data, results from Rashid_2005",150,140,"Al, Ca, Ce, Dy, Er, Eu, Gd, K, La, Na, Nd, Si, Sm, Yb"
702,NULL,NULL,"CMIBS data, results from Rasmy_1983",1242,756,"B, Be, Co, Cu, Ga, Li, Mn, Mo, Ni, Pb, Ti, V, Y, Zn"
703,NULL,NULL,"CMIBS data, results from Raza_2002",1173,1075,"Al, Al2O3, Ba, Ca, CaO, Ce, Co, Cr, Cu, Dy, Er, Eu, Fe, Fe2O3, Ga, Gd, Ho, K, K2O, La, Lu, Mg, MgO, Mn, MnO, Na, Na2O, Nb, Nd, Ni, P, P2O5, Pb, Pr, Rb, Sc, Si, SiO2, Sm, Sr, Tb, Th, Ti, TiO2, Tm, U, V, Y, Yb, Zn, Zr"
704,NULL,NULL,"CMIBS data, results from Raza_2010",224,224,"Ce, Dy, Er, Eu, Gd, Ho, La, Lu, Nd, Pr, Sm, Tb, Tm, Yb"
705,NULL,NULL,"CMIBS data, results from Riley_1982",32,23,"Ni, TOC, V"
706,NULL,NULL,"CMIBS data, results from Ritcey_2005",2196,2052,"Al, Al2O3, Ba, Be, Ca, CaO, Ce, Co, Cr, Cs, Cu, Dy, Er, Eu, Fe, Fe2O3, Ga, Gd, Hf, Ho, K, K2O, La, Lu, Mg, MgO, Mn, MnO, Mo, Na, Na2O, Nb, Nd, Ni, P, P2O5, Pr, Rb, Sc, Si, SiO2, Sm, Sn, Sr, Ta, Tb, Th, Ti, TiO2, Tl, U, V, W, Y, Yb, Zn, Zr"
707,NULL,NULL,"CMIBS data, results from Robl_1983",28980,17601,"Al, Ash, Ba, C, Ca, Co, Cr, Cu, Fe, H, H2O_m, K, Mg, Mo, N, Na, Ni, P, S, Si, Sr, TIC, TOC, Th, Ti, U, V, Zn, Zr"
708,NULL,NULL,"CMIBS data, results from Robl_1988",230,206,"Al, Ba, Ca, Co, Cr, Cu, Fe, H, K, Mg, Mo, N, Na, Ni, S, Si, TIC, TOC, Ti, V, Zn"
709,NULL,NULL,"CMIBS data, results from Rogers_2003",8784,5428,"Al, Al2O3, Ba, Bi, Ca, CaO, Ce, Cl, Co, Cr, Cs, Cu, Dy, Er, Eu, Fe, Fe2O3, FeO, Ga, Gd, Hf, Ho, In, K, K2O, LOI, La, Lu, Mg, MgO, Mn, MnO, Mo, Na, Na2O, Nb, Nd, Ni, P, P2O5, Pb, Pr, Rb, Si, SiO2, Sm, Sn, Sr, Ta, Tb, Th, Ti, TiO2, Tl, Tm, U, V, Y, Yb, Zn, Zr"
710,NULL,NULL,"CMIBS data, results from Roser_2002",574,544,"Al, Al2O3, Ba, Ca, CaO, Ce, Cr, Cu, Fe, Fe2O3, Ga, K, K2O, LOI, La, Mg, MgO, Mn, MnO, Na, Na2O, Nb, Ni, P, P2O5, Pb, Rb, Sc, Si, SiO2, Sr, Th, Ti, TiO2, U, V, Y, Zn, Zr"
711,NULL,NULL,"CMIBS data, results from Ross_2009",2907,2735,"Ag, Al, Al2O3, Ba, Be, Bi, C, Ca, CaO, Cd, Ce, Co, Cr, Cs, Cu, Fe, Fe2O3, Ga, Ge, Hf, K, K2O, La, Mg, MgO, Mn, MnO, Mo, Na, Na2O, Nb, Ni, P, P2O5, Pb, Rb, Re, S, Se, Si, SiO2, Sr, TIC, TOC, Ta, Th, Ti, TiO2, Tl, U, V, Y, Zn, Zr"
712,NULL,NULL,"CMIBS data, results from Rudnick_2003",249,241,"Ag, Al, Al2O3, As, Au, B, Ba, Be, Bi, Br, Ca, CaO, Cd, Ce, Cl, Co, Cr, Cs, Cu, Dy, Er, Eu, F, Fe, Fe2O3, Ga, Gd, Ge, Hf, Hg, Ho, I, In, Ir, K, K2O, La, Li, Lu, Mg, MgO, Mn, MnO, Mo, N, Na, Na2O, Nb, Nd, Ni, Os, P, P2O5, Pb, Pd, Pr, Pt, Rb, Re, Ru, S, Sb, Sc, Se, Si, SiO2, Sm, Sn, Sr, Ta, Tb, Th, Ti, TiO2, Tl, Tm, U, V, W, Y, Yb, Zn, Zr"
713,NULL,NULL,"CMIBS data, results from Sambasiva_1999",884,832,"Al, Al2O3, Ba, Ca, CaO, Ce, Co, Cr, Cs, Cu, Dy, Er, Eu, Fe, Fe2O3, Ga, Gd, Hf, Ho, K, K2O, La, Lu, Mg, MgO, Mn, MnO, Na, Na2O, Nb, Nd, Ni, P, P2O5, Pr, Rb, Sc, Si, SiO2, Sm, Sr, Ta, Tb, Th, Ti, TiO2, Tm, U, Y, Yb, Zn, Zr"
714,NULL,NULL,"CMIBS data, results from Samson_1990",16,16,"Nd, Sm"
715,NULL,NULL,"CMIBS data, results from Sangster_2014. Sangster, A.L., 2014, unpublished data.",8917,8737,"Ag, Al, Al2O3, As, Au, Ba, Be, Ca, CaO, Co, Cr, Cu, Fe, Fe2O3, K, K2O, LOI, Li, Mg, MgO, Mn, MnO, Na, Na2O, Ni, P, P2O5, Pb, Sc, Si, SiO2, Sr, Ti, TiO2, V, Zn, Zr"
716,NULL,NULL,"CMIBS data, results from Sawyer_1986",1470,1227,"Al, Al2O3, Ba, Ca, CaO, Ce, Co, Cr, Cs, Cu, Eu, Fe, Fe2O3, Hf, K, K2O, LOI, La, Lu, Mg, MgO, Mn, MnO, Na, Na2O, Nb, Nd, Ni, P, P2O5, Rb, S, Sc, Si, SiO2, Sm, Sr, Ta, Tb, Th, Ti, TiO2, U, V, Y, Yb, Zn, Zr"
717,NULL,NULL,"CMIBS data, results from Scasso_1991",2025,1678,"Al, Al2O3, Ca, CaO, Fe, Fe2O3, K, K2O, Mg, MgO, Mn, MnO, Na, Na2O, P, P2O5, Rb, S, SO3, Si, SiO2, Sr, Ti, TiO2, Zn, Zr"
718,NULL,NULL,"CMIBS data, results from Schaller_2000",854,807,"Al, As, C, Cd, Cr, Fe, Mn, Mo, P, S, TOC, Ti, U, V"
719,NULL,NULL,"CMIBS data, results from Schultz_1989",950,874,"Al, Al2O3, Ca, CaO, Fe, Fe2O3, K, K2O, Mg, MgO, Mn, MnO, Na, Na2O, P, P2O5, S, Si, SiO2, TOC, Ti, TiO2, Zn"
720,NULL,NULL,"CMIBS data, results from Schultz_1992",7062,1097,"Al, As, Au, B, Ba, Br, Ca, Cd, Ce, Cl, Co, Cr, Cs, Dy, Er, Eu, Fe, Fe-py, Ga, Gd, Hf, Ho, K, La, Lu, Mg, Mn, Mo, Na, Nd, Ni, Pr, Rb, S, S_PY, Sb, Sc, Se, Si, Sm, Sr, TOC, Ta, Tb, Th, Ti, Tm, U, V, W, Yb, Zn"
721,NULL,NULL,"CMIBS data, results from Sifeta_2005",1767,1349,"Al, Al2O3, Ba, Ca, CaO, Ce, Cr, Dy, Er, Eu, Fe, Fe2O3, Ga, Gd, Hf, Ho, K, K2O, LOI, La, Li, Lu, Mg, MgO, Mn, MnO, Na, Na2O, Nb, Nd, Ni, P, P2O5, Pb, Pr, Rb, Sb, Sc, Si, SiO2, Sm, Sr, Ta, Tb, Th, Ti, TiO2, Tm, U, V, Y, Yb, Zr"
722,NULL,NULL,"CMIBS data, results from Sinclair_1997",2300,1947,"Ag, Al, Al2O3, As, Ba, C, CTO2, Ca, CaO, Cd, Cr, Cu, Fe, Fe2O3, H, K, K2O, La, Mg, MgO, Mn, MnO, Mo, Na, Na2O, Nb, Ni, P, P2O5, Pb, Rb, S, Sb, Sc, Se, Si, SiO2, Sr, Ti, TiO2, Tl, V, Y, Zn, Zr"
723,NULL,NULL,"CMIBS data, results from Slack_2000",2790,2565,"Al, Al2O3, As, Au, B, Ba, Be, C, CTO2, Ca, CaO, Ce, Cl, Co, Cr, Cs, Cu, Eu, F, Fe, Fe2O3, Ga, H2O_t, Hf, K, K2O, La, Li, Lu, Mg, MgO, Mn, MnO, Mo, Na, Na2O, Nb, Nd, Ni, P, P2O5, Pb, Rb, S, Sb, Sc, Si, SiO2, Sm, Sr, TOC, Ta, Tb, Th, Ti, TiO2, U, V, Y, Yb, Zn, Zr"
724,NULL,NULL,"CMIBS data, results from Slack_2004_3",41327,13118,"Ag, Al, Al2O3, As, Au, Ba, Be, Bi, C, CO2, CTO2, Ca, CaO, Cd, Ce, Co, Cr, Cs, Cu, Dy, Er, Eu, F, Fe, Fe2O3, Ga, Gd, Ge, Hf, Ho, K, K2O, LOI, La, Li, Lu, Mg, MgO, Mn, MnO, Mo, Na, Na2O, Nb, Nd, Ni, P, P2O5, Pb, Pd, Pr, Rb, S, SO4, Sb, Sc, Se, Si, SiO2, Sm, Sn, Sr, TOC, Ta, Tb, Th, Ti, TiO2, Tl, Tm, U, V, W, Y, Yb, Zn, Zr"
725,NULL,NULL,"CMIBS data, results from Spalletti_2008",2000,1747,"Al, Al2O3, As, Ba, Br, Ca, CaO, Ce, Co, Cr, Cu, Fe, Fe2O3, Ga, K, K2O, La, Mg, MgO, Mn, MnO, Mo, Na, Na2O, Nb, Ni, P, P2O5, Pb, Rb, SO3, Sb, Sc, Si, SiO2, Sn, Sr, Th, Ti, TiO2, U, V, Y, Zn, Zr"
726,NULL,NULL,"CMIBS data, results from Stevenson_1995",6,6,"Nd, Sm"
727,NULL,NULL,"CMIBS data, results from Sugitani_2006",750,687,"Al, Al2O3, Ba, Ca, CaO, Ce, Co, Cr, Dy, Er, Eu, Fe, Fe2O3, Gd, H2O_t, Hf, Ho, K, K2O, LOI, La, Lu, Mg, MgO, Mn, MnO, Na, Na2O, Nd, P, P2O5, Pr, Rb, Sc, Si, SiO2, Sm, Sr, Ta, Tb, Th, Ti, TiO2, Tm, U, Y, Yb, Zr"
728,NULL,NULL,"CMIBS data, results from Taylor_1985",166,130,"Ag, Al, Al2O3, As, Au, B, Ba, Be, Bi, Br, Ca, CaO, Cd, Ce, Cl, Co, Cr, Cs, Cu, Dy, Er, Eu, F, Fe, Fe2O3, Ga, Gd, Ge, Hf, Hg, Ho, I, In, Ir, K, K2O, LOI, La, Li, Lu, Mg, MgO, Mn, MnO, Mo, N, Na, Na2O, Nb, Nd, Ni, Os, P, P2O5, Pb, Pd, Pr, Pt, Rb, Re, S, Sb, Sc, Se, Si, SiO2, Sm, Sn, Sr, Ta, Tb, Th, Ti, TiO2, Tl, Tm, U, V, W, Y, Yb, Zn, Zr"
729,NULL,NULL,"CMIBS data, results from Toole_2006",1122,1064,"Ag, Al, Al2O3, As, Au, B, Ba, Be, Bi, Ca, CaO, Cd, Ce, Co, Cr, Cs, Cu, Fe, Fe2O3, Ga, Ge, Hf, Hg, In, K, K2O, LOI, La, Li, Mg, MgO, Mn, MnO, Mo, Na, Na2O, Nb, Nd, Ni, P, P2O5, Pb, Pt, Rb, Re, S, Sb, Sc, Se, Si, SiO2, Sn, Sr, Ta, Te, Th, Ti, TiO2, Tl, U, V, W, Y, Zn, Zr"
730,NULL,NULL,"CMIBS data, results from Totten_1993",1530,1301,"Al, Al2O3, Ba, Ca, CaO, Ce, Co, Cr, Cs, Cu, Eu, Fe, Fe2O3, H2O_m, H2O_p, Hf, K, K2O, La, Lu, Mg, MgO, Mn, MnO, Na, Na2O, Nb, Nd, Ni, P, P2O5, Pb, Rb, Sc, Si, SiO2, Sm, Sr, Ta, Tb, Th, Ti, TiO2, U, V, Y, Yb, Zn, Zr"
731,NULL,NULL,"CMIBS data, results from Totten_2000",410,370,"Al, Al2O3, Ba, Ca, CaO, Ce, Cr, Cu, Fe, Fe2O3, K, K2O, La, Mg, MgO, Mn, MnO, Na, Na2O, Nb, Nd, Ni, P, P2O5, Pb, Rb, Sc, Si, SiO2, Sr, Th, Ti, TiO2, V, Y, Zn, Zr"
732,NULL,NULL,"CMIBS data, results from Ugidos_1997_1",800,800,"Al, Al2O3, Ba, Be, Ca, CaO, Ce, Co, Cu, Dy, Er, Eu, Fe, Fe2O3, Ga, Gd, Ho, K, K2O, LOI, La, Lu, Mg, MgO, Mn, MnO, Na, Na2O, Nb, Nd, Ni, P, P2O5, Pr, Rb, Sc, Si, SiO2, Sm, Sr, Tb, Th, Ti, TiO2, Tm, V, Y, Yb, Zn, Zr"
733,NULL,NULL,"CMIBS data, results from Ugidos_1997_2",1026,990,"Al, Al2O3, Ba, Be, Ca, CaO, Ce, Cr, Cs, Cu, Dy, Er, Eu, Fe, Fe2O3, Ga, Gd, Hf, Ho, K, K2O, LOI, La, Lu, Mg, MgO, Mn, MnO, Na, Na2O, Nb, Nd, Ni, P, P2O5, Pb, Pr, Rb, Sc, Si, SiO2, Sm, Sn, Sr, Tb, Th, Ti, TiO2, Tm, U, V, Y, Yb, Zn, Zr"
734,NULL,NULL,"CMIBS data, results from Ugidos_2003",3276,2955,"Al, Al2O3, Ba, Ca, CaO, Ce, Co, Cr, Dy, Er, Eu, Fe, Fe2O3, Gd, Hf, Ho, K, K2O, LOI, La, Lu, Mg, MgO, Mn, MnO, Na, Na2O, Nb, Nd, Ni, P, P2O5, Pr, Rb, Si, SiO2, Sm, Sr, Tb, Th, Ti, TiO2, Tm, U, V, Y, Yb, Zr"
735,NULL,NULL,"CMIBS data, results from Ugidos_2010",6500,5868,"Al, Al2O3, As, Ba, Be, Ca, CaO, Ce, Co, Cr, Cs, Cu, Dy, Er, Eu, Fe, Fe2O3, Ga, Gd, Ge, Hf, Ho, K, K2O, LOI, La, Lu, Mg, MgO, Mn, MnO, Na, Na2O, Nb, Nd, Ni, P, P2O5, Pb, Pr, Rb, Sb, Si, SiO2, Sm, Sn, Sr, Ta, Tb, Th, Ti, TiO2, Tm, U, V, Y, Yb, Zn, Zr"
737,NULL,NULL,"CMIBS data, results from VanBaalen_2006",68,34,"Al, Al2O3, Ba, Ca, CaO, Ce, Cr, Fe, Fe2O3, K, K2O, La, Mg, MgO, Mn, MnO, Na, Na2O, Nb, Ni, P, P2O5, Pb, Rb, Si, SiO2, Sr, Th, Ti, TiO2, U, V, Y, Zr"
738,NULL,NULL,"CMIBS data, results from Wang_1991",301,141,"Al, Al2O3, Ba, Ca, CaO, Ce, Co, Cr, Cu, Fe, Fe2O3, Ga, K, K2O, La, Mg, MgO, Mn, MnO, Mo, Na, Na2O, Nb, Ni, P, P2O5, Pb, Rb, Sc, Si, SiO2, Sr, Th, Ti, TiO2, V, Y, Yb, Zn, Zr"
739,NULL,NULL,"CMIBS data, results from Watanabe_2002",3240,2559,"Ag, Al, Al2O3, As, Ba, Bi, Ca, CaO, Ce, Co, Cr, Cs, Cu, Dy, Er, Eu, Fe, Fe2O3, Ga, Gd, Ge, Hf, Ho, In, K, K2O, LOI, La, Lu, Mg, MgO, Mn, MnO, Mo, Na, Na2O, Nb, Nd, Ni, P, P2O5, Pb, Pr, Rb, Sb, Si, SiO2, Sm, Sn, Sr, Ta, Tb, Th, Ti, TiO2, Tl, Tm, U, V, W, Y, Yb, Zn, Zr"
740,NULL,NULL,"CMIBS data, results from White_2010",13338,4582,"Ag, Al, Al2O3, As, Au, B, Ba, Be, Bi, C, CO2, Ca, CaO, Cd, Ce, Co, Cr, Cs, Cu, Dy, Er, Eu, Fe, Fe2O3, Ga, Gd, Ge, Hf, Hg, Ho, In, K, K2O, LOI, La, Li, Lu, Mg, MgO, Mn, MnO, Mo, Na, Na2O, Nb, Nd, Ni, P, P2O5, Pb, Pr, Pt, Rb, S, Sb, Sc, Se, Si, SiO2, Sm, Sn, Sr, Ta, Tb, Te, Th, Ti, TiO2, Tl, Tm, U, V, W, Y, Yb, Zn, Zr"
741,NULL,NULL,"CMIBS data, results from Wronkiewicz_1987",225,225,"Al, Al2O3, Ba, Ca, CaO, Ce, Co, Cr, Cs, Eu, Fe, Fe2O3, Hf, K, K2O, LOI, La, Lu, Mg, MgO, Mn, MnO, Na, Na2O, Nb, Ni, P, P2O5, Pb, Rb, Sc, Si, SiO2, Sm, Sr, Ta, Tb, Th, Ti, TiO2, U, V, Y, Yb, Zr"
742,NULL,NULL,"CMIBS data, results from Wronkiewicz_1989",270,270,"Al, Al2O3, Ba, Ca, CaO, Ce, Co, Cr, Cs, Eu, Fe, Fe2O3, Hf, K, K2O, LOI, La, Lu, Mg, MgO, Mn, MnO, Na, Na2O, Nb, Ni, P, P2O5, Pb, Rb, Sc, Si, SiO2, Sm, Sr, Ta, Tb, Th, Ti, TiO2, U, V, Y, Yb, Zr"
743,NULL,NULL,"CMIBS data, results from Xu_2007",1404,932,"Al, Al2O3, Ba, Ca, CaO, Ce, Co, Cr, Cs, Dy, Er, Eu, Fe, Fe2O3, Ga, Gd, Hf, Ho, K, K2O, La, Lu, Mg, MgO, Mn, MnO, Na, Na2O, Nb, Nd, Ni, P, P2O5, Pb, Pr, Rb, Sc, Si, SiO2, Sm, Sr, Ta, Tb, Th, Ti, TiO2, Tm, U, V, Y, Yb, Zr"
744,NULL,NULL,"CMIBS data, results from Yamashita_1999",1045,1026,"Al, Al2O3, Ba, Ca, CaO, Ce, Cr, Cs, Cu, Dy, Er, Eu, Fe, Fe2O3, Ga, Gd, Hf, Ho, K, K2O, LOI, La, Lu, Mg, MgO, Mn, MnO, Na, Na2O, Nb, Nd, Ni, P, P2O5, Pb, Pr, Rb, Sc, Si, SiO2, Sm, Sr, Ta, Tb, Th, Ti, TiO2, Tm, U, V, Y, Yb, Zn, Zr"
745,NULL,NULL,"CMIBS data, results from Yan_2007",1218,1183,"Al, Al2O3, Ba, C, Ca, CaO, Ce, Co, Cr, Cs, Cu, Dy, Er, Eu, Fe, Fe2O3, Ga, Gd, Ge, Hf, Ho, K, K2O, LOI, La, Lu, Mg, MgO, Mn, MnO, Na, Na2O, Nb, Nd, Ni, P, P2O5, Pb, Pr, Rb, Sc, Si, SiO2, Sm, Sr, TOC, Ta, Tb, Th, Ti, TiO2, Tm, U, V, Y, Yb, Zn, Zr"
746,NULL,NULL,"CMIBS data, results from Yu_2009",1728,1492,"Ag, Al, As, Ba, Ca, Cd, Ce, Co, Cr, Cs, Cu, Dy, Er, Eu, Fe, Ga, Gd, Ge, Hf, Ho, In, K, La, Li, Lu, Mg, Mo, Na, Nb, Nd, Ni, P, Pb, Pr, Rb, Sb, Sc, Si, Sm, Sn, Sr, Ta, Tb, Th, Ti, Tl, Tm, U, V, W, Y, Yb, Zn, Zr"
747,NULL,NULL,"CMIBS data, results from Zhou_2012",416,416,"Al, Co, Cr, Mo, Ni, Th, U, V"
748,NULL,NULL,"CMIBS data, results from Leventhal_1981",4087,2067,"Ag, Al, Al2O3, As, Ba, Ca, CaO, Cd, Co, Cr, Cu, Fe, Fe2O3, Hg, K, K2O, LOI, Mg, MgO, Mn, MnO, Mo, Na, Na2O, Ni, P2O5, Pb, S, Si, SiO2, Sr, TOC, Th, Ti, TiO2, U, V, Zn, Zr"